{"cameraMode":{"drawMode":0,"name":"Shaded","section":"Shading Mode"},"sceneLighting":false,"audioPlay":false,"sceneViewState":{"m_AlwaysRefresh":false,"showFog":true,"showSkybox":false,"showFlares":true,"showImageEffects":true,"showParticleSystems":true,"showVisualEffectGraphs":true,"m_FxEnabled":true},"in2DMode":false,"pivot":{"x":8.923559188842774,"y":10.366227149963379,"z":-94.83887481689453},"rotation":{"x":0.17381523549556733,"y":0.8080338835716248,"z":-0.29175427556037905,"w":0.48139694333076479},"size":7.6723504066467289,"orthographic":false}